{
    "Camera": {
        "Speed": 60.0,
        "Position": [
            2.5318167209625246,
            220.829652309417725,
            253.54558563232422
        ]
    },
    "GameObjects": [
        {
            "Name": "earth",
            "Mesh": "earth.ply",
            "Visible": true,
            "Use_Physics": false,
            "Dont_light": false,
            "Wireframe": false,
            "Position": [
                0.0,
              -20.0,
                0.0
            ],
            "DiffuseRGB_Alpha": [
                0.0,
                0.0,
                0.0,
                1.0
            ],
            "SpecularRGB_Alpha": [
                1.0,
                1.0,
                1.0,
                100.0
            ],
            "Rotation": [
                -0.44972583651542666,
                -0.2142997533082962,
                0.13202238082885743,
                0.856998860836029
            ],
            "Scale": [
                4.0,
                4.0,
                4.0
            ],
            "Textures": [
                {
                    "Name": "earthTex.bmp",
                    "Strength": 1.0
                }
            ]
        },
        {
            "Name": "mars",
            "Mesh": "mars.ply",
            "Visible": true,
            "Use_Physics": false,
            "Dont_light": false,
            "Wireframe": false,
            "Position": [
                80.0,
              -20.0,
              -50.0
            ],
            "DiffuseRGB_Alpha": [
                0.0,
                0.0,
                0.0,
                1.0
            ],
            "SpecularRGB_Alpha": [
                1.0,
                1.0,
                1.0,
                100.0
            ],
            "Rotation": [
                0.0,
                0.0,
                0.0,
                1.0
            ],
            "Scale": [
                3.0,
                3.0,
                3.0
            ],
            "Textures": [
                {
                    "Name": "marsTex.bmp",
                    "Strength": 1.0
                }
            ]
        },
        {
            "Name": "player",
            "Mesh": "x-wing.ply",
            "Visible": true,
            "Use_Physics": true,
            "Dont_light": false,
            "Wireframe": false,
            "Position": [
                10.0,
                0.0,
                0.0
            ],
            "DiffuseRGB_Alpha": [
                0.0,
                0.0,
                0.0,
                1.0
            ],
            "SpecularRGB_Alpha": [
                1.0,
                1.0,
                1.0,
                100.0
            ],
            "Rotation": [
                0.0,
                0.0,
                0.0,
                1.0
            ],
            "Scale": [
                2.0,
                2.0,
                2.0
            ],
            "Collider_Radius" : 2.0,
            "Textures": [
                {
                    "Name": "x-wingTex.bmp",
                    "Strength": 1.0
                }
            ]
        },
        {
            "Name": "enemy",
            "Mesh": "enemy.ply",
            "Visible": true,
            "Use_Physics": true,
            "Dont_light": false,
            "Wireframe": false,
            "Position": [
                40.0,
                0.0,
                30.0
            ],
            "DiffuseRGB_Alpha": [
                0.0,
                0.0,
                0.0,
                1.0
            ],
            "SpecularRGB_Alpha": [
                1.0,
                1.0,
                1.0,
                100.0
            ],
            "Rotation": [
                0.0,
                0.0,
                0.0,
                1.0
            ],
            "Scale": [
                1.0,
                1.0,
                1.0
            ],
            "Collider_Radius" : 2.0,
            "Textures": [
                {
                    "Name": "EnemyTexRed.bmp",
                    "Strength": 1.0
                }
            ]
        },
        {
            "Name": "wanderEnemy",
            "Mesh": "enemy.ply",
            "Visible": true,
            "Use_Physics": true,
            "Dont_light": false,
            "Wireframe": false,
            "Position": [
                70.0,
                0.0,
                10.0
            ],
            "DiffuseRGB_Alpha": [
                0.0,
                0.0,
                0.0,
                1.0
            ],
            "SpecularRGB_Alpha": [
                1.0,
                1.0,
                1.0,
                100.0
            ],
            "Rotation": [
                0.0,
                0.0,
                0.0,
                1.0
            ],
            "Scale": [
                1.0,
                1.0,
                1.0
            ],
            "Collider_Radius" : 2.0,
            "Textures": [
                {
                    "Name": "EnemyTex.bmp",
                    "Strength": 1.0
                }
            ]
        },
        {
            "Name": "wanderWaitEnemy",
            "Mesh": "enemy.ply",
            "Visible": true,
            "Use_Physics": true,
            "Dont_light": false,
            "Wireframe": false,
            "Position": [
                70.0,
                0.0,
                10.0
            ],
            "DiffuseRGB_Alpha": [
                0.0,
                0.0,
                0.0,
                1.0
            ],
            "SpecularRGB_Alpha": [
                1.0,
                1.0,
                1.0,
                100.0
            ],
            "Rotation": [
                0.0,
                0.0,
                0.0,
                1.0
            ],
            "Scale": [
                1.0,
                1.0,
                1.0
            ],
            "Collider_Radius" : 2.0,
            "Textures": [
                {
                    "Name": "EnemyTex.bmp",
                    "Strength": 1.0
                }
            ]
        },
        {
            "Name": "pursueEnemy",
            "Mesh": "enemy.ply",
            "Visible": true,
            "Use_Physics": true,
            "Dont_light": false,
            "Wireframe": false,
            "Position": [
                -70.0,
                0.0,
                -30.0
            ],
            "DiffuseRGB_Alpha": [
                0.0,
                0.0,
                0.0,
                1.0
            ],
            "SpecularRGB_Alpha": [
                1.0,
                1.0,
                1.0,
                100.0
            ],
            "Rotation": [
                0.0,
                0.0,
                0.0,
                1.0
            ],
            "Scale": [
                1.0,
                1.0,
                1.0
            ],
            "Collider_Radius" : 2.0,
            "Textures": [
                {
                    "Name": "EnemyTexBlue.bmp",
                    "Strength": 1.0
                }
            ]
        },
        {
            "Name": "seekEnemy",
            "Mesh": "enemy.ply",
            "Visible": true,
            "Use_Physics": true,
            "Dont_light": false,
            "Wireframe": false,
            "Position": [
                -45.0,
                0.0,
                50.0
            ],
            "DiffuseRGB_Alpha": [
                0.0,
                0.0,
                0.0,
                1.0
            ],
            "SpecularRGB_Alpha": [
                1.0,
                1.0,
                1.0,
                100.0
            ],
            "Rotation": [
                0.0,
                0.0,
                0.0,
                1.0
            ],
            "Scale": [
                1.0,
                1.0,
                1.0
            ],
            "Collider_Radius" : 2.0,
            "Textures": [
                {
                    "Name": "EnemyTexGreen.bmp",
                    "Strength": 1.0
                }
            ]
        }
    ],
    "Lights": [
        {
            "Name": "MainLight",
            "Type": "POINT_LIGHT",
            "Position": [
                706.0,
                1750.0,
                280.0
            ],
            "Attenuation": [
                0.0,
                0.00015549414092674851,
                1.9908449644390203e-7,
                -431602080.0
            ],
            "DiffuseRGB_Alpha": [
                1.0,
                1.0,
                1.0,
                1.0
            ],
            "Turned": "ON"
        },
        {
            "Name": "Torch_Light0",
            "Type": "POINT_LIGHT",
            "Position": [
                45.0,
                330.0,
                0.0
            ],
            "Attenuation": [
                0.0,
                0.00009999999747378752,
                0.000014999999621068128,
                -431602080.0
            ],
            "DiffuseRGB_Alpha": [
                0.9279999732971191,
                0.4359999895095825,
                0.1080000028014183,
                1.0
            ],
            "Turned": "OFF"
        },
        {
            "Name": "Torch_Light1",
            "Type": "POINT_LIGHT",
            "Position": [
                -500.0,
                1725.0,
                550.0
            ],
            "Attenuation": [
                0.0,
                0.000028619990189326928,
                7.610128704982344e-8,
                -431602080.0
            ],
            "DiffuseRGB_Alpha": [
                0.9279999732971191,
                0.4359999895095825,
                0.1080000028014183,
                1.0
            ],
            "Turned": "OFF"
        },
        {
            "Name": "Torch_Light2",
            "Type": "POINT_LIGHT",
            "Position": [
                1155.0,
                -290.0,
                -455.0
            ],
            "Attenuation": [
                0.0,
                0.0006081397295929492,
                0.00001757841164362617,
                -431602080.0
            ],
            "DiffuseRGB_Alpha": [
                0.9279999732971191,
                0.4359999895095825,
                0.1080000028014183,
                1.0
            ],
            "Turned": "ON"
        },
        {
            "Name": "Torch_Light3",
            "Type": "POINT_LIGHT",
            "Position": [
                30.0,
                400.0,
                0.0
            ],
            "Attenuation": [
                0.0,
                0.00009999999747378752,
                0.000014999999621068128,
                -431602080.0
            ],
            "DiffuseRGB_Alpha": [
                0.9279999732971191,
                0.4359999895095825,
                0.1080000028014183,
                1.0
            ],
            "Turned": "OFF"
        },
        {
            "Name": "ChestLight",
            "Type": "POINT_LIGHT",
            "Position": [
                -700.0,
                40.0,
                520.0
            ],
            "Attenuation": [
                0.0,
                0.00009999999747378752,
                0.00002099999983329326,
                -431602080.0
            ],
            "DiffuseRGB_Alpha": [
                0.984000027179718,
                0.03999999910593033,
                0.04651160165667534,
                0.0
            ],
            "Turned": "OFF"
        },
        {
            "Name": "QuestLight",
            "Type": "POINT_LIGHT",
            "Position": [
                -685.0,
                40.0,
                520.0
            ],
            "Attenuation": [
                0.0,
                0.00009999999747378752,
                0.00002099999983329326,
                -431602080.0
            ],
            "DiffuseRGB_Alpha": [
                0.6399999856948853,
                0.027000000700354577,
                0.8999999761581421,
                1.0
            ],
            "Turned": "OFF"
        }
    ]
}
